{
  "src": [
    "src/assets/audios/audio.webm",
    "src/assets/audios/audio.mp3"
  ],
  "sprite": {
    "amigos_eco": [
      2492000,
      3909.410430839216
    ],
    "amigos_eco1": [
      2497000,
      4516.598639455879
    ],
    "amigos_edu": [
      2503000,
      4033.197278911757
    ],
    "amigos_edu1": [
      2509000,
      4760.748299319857
    ],
    "amigos_gov": [
      2515000,
      3950.6575963719115
    ],
    "amigos_gov1": [
      2520000,
      4760.748299319857
    ],
    "amigos_ino": [
      2526000,
      4084.7619047617627
    ],
    "amigos_ino1": [
      2532000,
      4913.333333333412
    ],
    "amigos_laz": [
      2538000,
      4022.8798185939922
    ],
    "amigos_laz1": [
      2544000,
      5004.875283446836
    ],
    "amigos_mei": [
      2551000,
      4961.541950113315
    ],
    "amigos_mei1": [
      2557000,
      5218.503401360522
    ],
    "amigos_sau": [
      2564000,
      4682.993197278847
    ],
    "amigos_sau1": [
      2570000,
      4547.120181405717
    ],
    "certificate_parabens1": [
      2576000,
      8361.814058956952
    ],
    "feedback_botao_01": [
      3134000,
      48.185941042902414
    ],
    "feedback_botao_02": [
      3136000,
      398.5487528343583
    ],
    "feedback_fala1": [
      3145000,
      3227.7777777776464
    ],
    "feedback_fala2": [
      3150000,
      1434.1950113380335
    ],
    "feedback_mouse_over_itens": [
      3284000,
      107.482993197209
    ],
    "form_pergunta0": [
      3363000,
      7965.510204081511
    ],
    "form_pergunta1": [
      3372000,
      4525.873015873003
    ],
    "form_pergunta2": [
      3378000,
      6132.539682539573
    ],
    "form_pergunta3": [
      3386000,
      4706.89342403648
    ],
    "form_perguntaundefined": [
      3392000,
      6814.920634920782
    ],
    "mapa_bomtrabalho": [
      3400000,
      8178.707482993104
    ],
    "mapa_bomtrabalhomenino": [
      3410000,
      7202.15419501119
    ],
    "mapa_help": [
      3419000,
      8599.13832199527
    ],
    "mapa_parabens": [
      3429000,
      8259.705215419672
    ],
    "quiz_eco": [
      3439000,
      5725.215419501183
    ],
    "quiz_edu": [
      3446000,
      9685.351473922765
    ],
    "quiz_gov": [
      3457000,
      7558.185941043121
    ],
    "quiz_ino": [
      3466000,
      7693.968253968251
    ],
    "quiz_laz": [
      3475000,
      5702.585034013737
    ],
    "quiz_mei": [
      3482000,
      4593.7414965987955
    ],
    "quiz_pergunta1": [
      3488000,
      5288.639455782231
    ],
    "quiz_pergunta2": [
      3495000,
      5469.750566893254
    ],
    "quiz_pergunta3": [
      3502000,
      7622.040816326717
    ],
    "quiz_pergunta4": [
      3511000,
      4034.8752834465813
    ],
    "quiz_pergunta5": [
      3517000,
      2958.7301587303045
    ],
    "quiz_pergunta6": [
      3521000,
      4572.947845805174
    ],
    "quiz_pergunta7": [
      3527000,
      4303.922902494378
    ],
    "quiz_sau": [
      3533000,
      8010.770975056857
    ],
    "regiao_cariri": [
      3543000,
      7693.968253968251
    ],
    "regiao_centro_sul": [
      3552000,
      7671.337868480805
    ],
    "regiao_grande_fortaleza": [
      3561000,
      7015.079365079146
    ],
    "regiao_litoral_leste": [
      3570000,
      8418.095238095248
    ],
    "regiao_litoral_norte": [
      3580000,
      7037.732426304046
    ],
    "regiao_litoral_oeste": [
      3589000,
      6042.471655328882
    ],
    "regiao_macico_de_baturite": [
      3597000,
      7445.0340136054365
    ],
    "regiao_serra_da_ibiapaba": [
      3606000,
      7626.077097505458
    ],
    "regiao_sertao_central": [
      3615000,
      8191.814058956879
    ],
    "regiao_sertao_de_caninde": [
      3625000,
      7648.707482993359
    ],
    "regiao_sertao_de_sobral": [
      3634000,
      7241.383219954514
    ],
    "regiao_sertao_dos_crateus": [
      3643000,
      8304.965986394564
    ],
    "regiao_sertao_dos_inhamuns": [
      3653000,
      7128.23129251683
    ],
    "regiao_vale_do_jaguaribe": [
      3662000,
      7716.575963718697
    ],
    "significado_horta_comunitxria_lugar_onde_todo_mundo": [
      3671000,
      6276.8480725621885
    ],
    "significado_investir_dae_o_seu_dinheiro": [
      3679000,
      5828.458049886649
    ],
    "significado_reciclagem_transformar_o_lixo_em_um": [
      3686000,
      4662.630385487319
    ],
    "starts_desafios_eco": [
      3692000,
      5360.793650793767
    ],
    "starts_desafios_edu": [
      3699000,
      4867.8684807255195
    ],
    "starts_desafios_gov": [
      3705000,
      4167.301587301608
    ],
    "starts_desafios_ino": [
      3711000,
      5278.639455782468
    ],
    "starts_desafios_laz": [
      3718000,
      5709.977324263036
    ],
    "starts_desafios_mei": [
      3725000,
      5319.727891156617
    ],
    "starts_desafios_sau": [
      3732000,
      4826.78004535137
    ],
    "eco_a_vovx_chegou_com_moedas": [
      2586000,
      3327.3922902494633
    ],
    "eco_brinquedo": [
      2591000,
      3389.0022675736873
    ],
    "eco_deixou_a_luz_ligada": [
      2596000,
      2320.952380952349
    ],
    "eco_desafio_economia_comprou_dois_brinquedos_gastou_mais_moedas": [
      2600000,
      3943.582766439704
    ],
    "eco_gastou_dinheiro_com_chocolate": [
      2605000,
      3943.582766439704
    ],
    "eco_help0": [
      2610000,
      9571.383219954441
    ],
    "eco_help1": [
      2627000,
      6552.086167800553
    ],
    "eco_help1_1": [
      2621000,
      4393.605442176977
    ],
    "eco_ops_quebrou_um_vaso": [
      2742000,
      4991.0884353739675
    ],
    "eco_parabens1": [
      2748000,
      4190.045351474055
    ],
    "eco_parabens2": [
      2754000,
      5237.5736961453185
    ],
    "eco_passeie_com_o_cachorro_da_vizinha": [
      2761000,
      3943.582766439704
    ],
    "eco_vender_biscoitos_pode_te_dar": [
      2766000,
      4231.133786848204
    ],
    "edu_help0": [
      2772000,
      8518.820861677796
    ],
    "edu_help1": [
      2789000,
      1972.2448979591718
    ],
    "edu_help1_1": [
      2782000,
      5290.385487528511
    ],
    "edu_help2": [
      2792000,
      6635.578231292584
    ],
    "edu_parabens1": [
      2800000,
      3048.4126984129034
    ],
    "edu_parabens2": [
      2805000,
      6007.823129251847
    ],
    "edu_parabens3": [
      2813000,
      3945.1927437639824
    ],
    "gov_help0": [
      2818000,
      8439.342403627961
    ],
    "gov_help1": [
      2828000,
      7135.69160997713
    ],
    "gov_help2": [
      2837000,
      8370.725623582985
    ],
    "gov_help3": [
      2847000,
      5626.213151927459
    ],
    "gov_lei1": [
      2854000,
      8070.430839002256
    ],
    "gov_lei2": [
      2864000,
      11119.501133786798
    ],
    "gov_lei3": [
      2877000,
      11451.201814059004
    ],
    "gov_parabens1": [
      2890000,
      4034.8752834465813
    ],
    "gov_parabens2": [
      2896000,
      3765.8503401362395
    ],
    "gov_parabens3": [
      2901000,
      5111.020408163313
    ],
    "gov_parabens4": [
      2908000,
      6276.8480725621885
    ],
    "ino_cor": [
      2916000,
      2241.2925170069684
    ],
    "ino_help0": [
      2920000,
      6037.891156462592
    ],
    "ino_help1": [
      2928000,
      5866.371882086241
    ],
    "ino_help2": [
      2935000,
      5859.365079365034
    ],
    "ino_led": [
      2942000,
      2779.365079365107
    ],
    "ino_motor": [
      2946000,
      2330.9750566895673
    ],
    "ino_parabens1": [
      2950000,
      5021.360544217714
    ],
    "ino_parabens1m": [
      2957000,
      5889.886621315327
    ],
    "ino_parabens2": [
      2964000,
      5111.020408163313
    ],
    "ino_parabens3": [
      2971000,
      5126.961451247098
    ],
    "ino_processador": [
      2978000,
      2420.6575963717114
    ],